A13,A14,A15,A16,A17,A18,A19,A20,A22,A25,A28,A30,A31,A33,A34,A35,A36,A37,A38,A39,A43,A44,A48,A50,C1,C5,C16,C31,C32,C41,C42,C43,C44,C49,C51,G4,G12,G13,G14,G15,G17,G22,G24,G28,G36,G40,U4,U23,U25,U36,U38,lebel
no,no,no,no,no,no,no,no,no,no,no,no,no,yes,no,yes,no,no,no,no,yes,yes,no,no,no,no,no,no,yes,no,no,no,no,no,no,yes,no,yes,yes,no,no,no,no,yes,no,no,no,no,yes,no,yes,positive
no,yes,no,yes,no,no,no,no,no,yes,yes,yes,no,yes,yes,yes,no,no,no,no,no,no,yes,no,yes,yes,no,no,no,yes,no,no,no,no,yes,no,no,yes,no,no,no,yes,no,no,no,yes,no,no,no,yes,yes,positive
no,no,no,yes,yes,no,no,no,no,yes,no,no,yes,yes,no,no,no,no,no,yes,yes,yes,no,yes,yes,yes,no,no,yes,no,yes,no,no,yes,no,no,no,yes,no,no,no,yes,no,no,no,no,no,yes,no,yes,no,positive
no,no,no,no,no,yes,yes,no,yes,no,yes,yes,yes,yes,yes,yes,yes,no,no,no,yes,yes,no,no,no,no,no,no,no,no,no,no,no,no,no,no,no,no,yes,yes,no,no,no,no,no,no,no,no,yes,no,yes,positive
no,no,no,no,yes,no,yes,yes,yes,no,no,yes,yes,no,no,no,no,no,no,no,no,yes,yes,yes,yes,no,yes,no,no,yes,no,yes,no,yes,yes,no,no,no,no,no,no,no,no,yes,yes,no,no,no,yes,no,no,positive
no,no,no,yes,yes,yes,no,no,yes,no,no,no,yes,yes,yes,no,no,no,no,yes,yes,yes,no,no,no,no,no,no,no,no,no,no,no,no,yes,no,yes,no,no,no,no,no,no,no,no,no,yes,no,no,yes,no,positive
no,yes,no,yes,no,no,no,no,no,no,no,yes,no,yes,no,no,yes,no,no,no,no,no,no,no,yes,yes,no,no,no,no,yes,yes,yes,yes,no,yes,no,yes,no,yes,no,no,no,yes,no,no,no,no,no,no,yes,positive
no,no,no,no,no,yes,no,yes,no,no,no,yes,no,yes,no,yes,no,no,no,no,no,yes,no,yes,no,no,no,yes,no,no,yes,no,no,yes,no,no,no,no,yes,no,no,no,no,no,yes,no,yes,no,yes,no,yes,positive
no,yes,no,yes,yes,no,no,no,yes,no,yes,no,no,no,no,no,no,no,yes,no,yes,yes,no,no,no,no,no,no,no,no,no,no,no,no,no,no,no,no,no,yes,no,no,no,no,yes,yes,yes,no,no,no,no,positive
no,no,no,no,no,no,yes,no,no,yes,yes,yes,no,no,yes,no,no,no,yes,yes,yes,no,yes,no,no,no,no,no,no,no,no,no,no,no,no,yes,no,no,yes,yes,yes,no,no,no,yes,no,no,no,no,no,no,positive
no,yes,yes,no,no,no,no,yes,no,no,no,no,yes,no,no,yes,no,yes,no,no,no,yes,no,no,no,no,no,no,no,no,no,no,no,no,no,no,no,no,no,no,no,no,no,yes,no,no,yes,yes,yes,yes,yes,positive
yes,no,no,no,no,no,no,no,no,yes,no,no,no,no,yes,yes,no,no,no,no,yes,yes,no,yes,no,no,yes,no,no,yes,no,no,no,no,no,yes,no,no,no,no,no,no,yes,no,no,no,no,yes,no,yes,no,positive
yes,no,no,no,yes,no,yes,yes,no,no,yes,no,yes,no,yes,no,no,no,yes,no,yes,no,no,no,no,yes,yes,no,no,no,no,no,no,no,no,no,no,no,no,no,no,yes,no,no,no,no,no,yes,no,no,no,positive
no,no,no,yes,no,no,no,no,no,no,no,no,no,no,no,no,no,no,no,no,no,no,no,no,yes,no,no,no,no,no,no,no,no,no,no,no,yes,no,yes,no,no,no,no,no,yes,no,no,no,yes,no,yes,positive
no,no,no,no,no,yes,no,no,no,no,no,no,no,no,no,no,yes,no,no,yes,no,no,no,yes,no,yes,yes,yes,yes,no,no,no,no,no,no,yes,no,no,no,yes,no,yes,no,no,no,yes,no,no,no,no,no,positive
yes,no,no,no,no,yes,yes,no,yes,no,yes,no,no,no,no,no,no,yes,no,yes,no,no,no,no,no,yes,no,no,no,no,no,no,no,yes,yes,no,no,no,yes,yes,no,no,no,no,yes,no,no,no,yes,no,no,positive
yes,no,yes,no,no,no,yes,yes,yes,yes,no,no,no,no,yes,no,no,yes,no,yes,no,no,yes,no,no,no,no,yes,no,yes,no,yes,no,yes,yes,yes,no,no,no,no,yes,no,no,yes,no,no,no,yes,no,no,no,positive
no,no,no,no,no,no,no,no,no,no,no,no,yes,no,no,no,no,no,yes,yes,no,no,yes,no,no,yes,yes,no,no,yes,no,yes,yes,yes,no,no,yes,no,no,no,no,no,yes,yes,no,no,yes,no,no,yes,no,positive
yes,no,no,no,no,no,no,no,no,yes,yes,no,yes,no,yes,no,no,yes,yes,no,no,no,no,yes,no,no,yes,no,no,yes,no,no,no,yes,yes,yes,no,no,no,yes,no,no,yes,no,no,yes,no,yes,no,no,no,positive
yes,no,yes,no,no,no,yes,yes,no,no,no,yes,no,no,no,yes,no,yes,yes,no,no,no,no,no,no,no,yes,no,yes,no,no,yes,yes,no,no,yes,yes,no,yes,no,yes,no,yes,yes,no,yes,no,no,no,no,no,positive
no,no,no,no,no,no,no,yes,yes,yes,yes,no,yes,yes,yes,no,no,no,yes,yes,no,no,yes,no,yes,yes,no,no,no,no,yes,no,no,no,no,yes,yes,no,no,no,yes,no,no,no,no,no,no,no,no,no,no,positive
no,no,yes,no,no,yes,yes,no,no,yes,yes,no,yes,no,no,no,no,no,no,no,yes,no,yes,no,yes,no,no,no,no,no,yes,no,yes,yes,no,no,no,yes,no,no,no,no,no,no,yes,no,no,no,no,no,yes,positive
no,yes,no,no,no,no,no,no,no,no,no,no,yes,no,yes,no,no,no,no,no,no,yes,no,no,no,no,no,no,no,yes,no,no,no,no,no,no,no,yes,no,no,yes,no,no,no,no,yes,no,no,yes,yes,yes,positive
yes,no,no,yes,no,no,no,no,no,yes,no,no,no,no,no,yes,no,no,no,yes,no,no,yes,no,no,no,no,no,yes,no,yes,no,yes,no,no,yes,yes,no,yes,yes,yes,yes,no,yes,no,no,no,no,no,no,no,positive
no,no,yes,no,no,yes,no,yes,no,no,no,no,no,yes,yes,no,yes,no,no,no,no,no,yes,yes,no,no,no,yes,no,yes,no,no,no,no,no,no,no,no,yes,no,yes,no,no,no,no,yes,no,no,yes,no,yes,positive
no,no,yes,yes,no,yes,no,no,yes,no,no,yes,no,yes,yes,no,no,no,no,yes,no,yes,yes,yes,no,no,no,yes,no,no,no,yes,no,yes,no,no,no,yes,no,no,no,no,yes,no,no,no,no,no,yes,yes,yes,positive
no,no,yes,no,yes,no,no,no,no,no,no,no,no,yes,no,no,no,no,yes,no,no,no,no,no,yes,no,no,yes,no,no,no,no,yes,no,no,yes,no,no,yes,no,no,no,yes,no,yes,no,no,no,no,no,no,positive
yes,yes,no,no,yes,yes,no,no,no,no,no,no,yes,no,yes,no,no,no,yes,no,no,no,yes,no,no,no,yes,no,no,yes,no,yes,no,no,no,no,no,no,no,no,no,yes,no,no,yes,no,no,no,no,no,no,positive
yes,no,no,yes,no,yes,no,yes,no,yes,no,yes,yes,no,no,no,yes,yes,yes,yes,no,no,no,yes,no,no,no,no,no,no,no,no,no,no,no,no,no,no,no,no,yes,no,no,no,no,no,no,no,no,no,no,positive
yes,no,no,no,yes,no,yes,yes,no,yes,no,no,no,no,no,yes,no,no,yes,yes,yes,no,no,no,yes,no,no,no,no,no,no,no,no,no,yes,yes,yes,no,no,no,no,no,no,no,yes,no,no,yes,no,no,no,positive
yes,yes,no,no,no,no,no,no,yes,yes,yes,no,no,yes,yes,yes,no,no,yes,yes,no,no,no,yes,no,no,no,yes,no,no,yes,no,yes,yes,yes,no,no,no,no,no,yes,no,no,no,no,no,no,no,no,yes,no,positive
no,no,yes,no,yes,no,no,no,no,yes,no,no,no,yes,no,no,no,no,no,yes,no,no,no,no,no,no,yes,no,no,no,no,no,yes,no,yes,no,no,yes,no,no,no,yes,no,yes,no,yes,yes,no,no,yes,no,positive
no,no,no,no,no,no,no,yes,yes,yes,no,yes,no,no,no,no,yes,yes,yes,no,no,yes,no,yes,no,no,yes,no,no,no,yes,no,no,no,no,no,no,no,no,no,no,no,no,yes,no,no,yes,no,no,no,no,positive
no,no,no,yes,yes,no,no,no,yes,no,no,no,yes,no,no,no,no,no,no,no,no,no,yes,no,no,no,no,no,no,no,yes,no,no,no,yes,no,no,yes,yes,yes,no,no,yes,no,no,yes,yes,yes,yes,yes,yes,positive
yes,no,no,yes,yes,no,no,no,no,no,yes,yes,no,no,yes,no,no,no,no,no,yes,yes,yes,no,no,no,no,no,no,no,no,no,no,no,no,no,no,no,yes,yes,no,no,no,no,no,no,no,no,no,yes,no,positive
no,no,yes,yes,yes,yes,no,no,no,yes,no,yes,no,yes,no,no,no,no,no,no,no,no,no,yes,yes,yes,no,yes,yes,no,no,no,no,no,no,no,yes,no,yes,no,no,no,no,no,no,no,yes,no,no,yes,yes,positive
no,yes,no,no,no,yes,no,no,yes,no,no,no,no,no,no,no,no,no,no,no,no,no,yes,yes,no,yes,yes,no,no,no,yes,no,yes,no,no,no,no,yes,no,yes,yes,no,no,no,yes,no,yes,no,no,no,yes,positive
yes,yes,yes,yes,yes,no,no,no,no,no,no,no,no,no,no,no,no,no,no,no,no,no,no,no,no,no,no,no,no,no,no,no,yes,no,yes,no,no,no,no,no,no,yes,yes,yes,no,no,no,no,yes,yes,no,positive
no,no,no,no,no,no,no,no,no,no,no,yes,no,yes,no,no,no,no,no,yes,no,no,no,no,yes,no,no,no,no,no,no,yes,no,yes,no,no,yes,no,yes,no,no,yes,no,no,no,yes,no,yes,yes,yes,no,positive
no,no,no,no,yes,yes,no,yes,no,yes,no,no,no,no,no,no,no,no,no,no,no,no,yes,yes,no,no,yes,no,no,no,no,no,no,yes,no,no,yes,no,no,no,no,no,yes,no,no,no,no,no,no,yes,no,positive
yes,no,no,no,no,yes,no,no,yes,no,no,no,no,no,no,yes,no,yes,yes,no,yes,no,yes,no,yes,no,no,no,yes,no,no,no,no,no,no,yes,yes,no,no,yes,no,no,no,yes,yes,yes,no,no,yes,no,no,positive
no,yes,yes,yes,no,no,no,yes,no,yes,no,no,no,yes,yes,yes,yes,yes,no,no,yes,no,no,no,no,no,no,yes,no,no,no,no,no,no,no,no,no,yes,no,no,no,yes,no,yes,no,no,no,yes,no,no,no,positive
no,no,no,no,no,yes,no,no,no,no,no,no,no,no,no,no,no,no,no,no,no,no,no,no,no,no,yes,no,yes,no,no,no,no,yes,yes,no,no,no,yes,yes,no,no,yes,no,no,no,yes,no,yes,yes,no,positive
no,yes,no,no,no,no,no,no,no,yes,no,no,no,no,no,no,no,no,no,no,no,no,no,no,no,no,yes,no,no,no,no,no,no,no,yes,no,no,yes,no,yes,yes,no,yes,no,no,no,no,yes,no,no,no,positive
no,no,yes,no,no,no,no,no,yes,yes,no,no,no,yes,no,no,no,no,no,no,no,yes,no,no,yes,no,no,yes,no,no,no,no,no,no,no,yes,no,no,yes,no,no,no,no,no,no,no,no,yes,no,no,yes,positive
no,no,no,yes,no,yes,no,yes,no,no,yes,no,no,no,yes,no,yes,no,no,no,no,yes,yes,yes,no,no,no,no,no,no,no,no,no,no,no,no,no,no,yes,no,no,yes,no,no,no,no,no,yes,yes,no,no,positive
no,yes,no,no,yes,no,no,no,no,no,yes,no,no,no,no,yes,no,no,no,no,yes,no,no,no,no,no,no,no,yes,yes,yes,no,no,no,no,no,no,no,no,no,no,yes,no,no,no,no,no,no,yes,no,no,positive
no,yes,no,no,yes,yes,no,yes,no,no,yes,no,no,no,no,no,no,yes,yes,no,no,no,no,no,no,no,yes,no,no,no,no,no,yes,no,yes,yes,yes,no,no,no,no,yes,no,no,no,no,no,no,no,no,no,positive
no,no,no,yes,no,no,no,yes,yes,no,no,yes,no,no,yes,no,yes,no,yes,no,no,no,yes,yes,no,no,no,no,no,yes,no,no,no,no,no,no,no,no,no,no,no,no,no,yes,no,no,no,yes,yes,no,no,positive
no,yes,no,no,no,yes,no,yes,yes,no,yes,yes,no,no,yes,no,yes,no,yes,no,no,yes,no,yes,yes,no,no,no,no,no,no,no,no,no,no,no,no,no,no,no,no,no,yes,no,no,yes,no,yes,yes,no,no,positive
yes,no,no,no,yes,no,yes,yes,no,yes,yes,no,yes,yes,yes,yes,no,yes,yes,no,no,no,no,no,yes,yes,yes,no,no,no,yes,yes,no,yes,no,yes,no,no,no,yes,no,yes,yes,no,yes,no,no,no,no,no,no,positive
yes,no,yes,yes,yes,no,no,no,yes,no,no,no,no,no,no,no,yes,no,no,no,no,no,no,yes,no,yes,no,no,yes,no,no,no,no,no,no,yes,no,no,no,no,no,no,no,no,no,yes,no,yes,no,no,yes,positive
yes,no,no,no,no,no,no,yes,no,no,no,yes,no,no,no,no,yes,no,no,no,no,no,yes,no,no,no,no,yes,no,yes,no,yes,no,no,no,yes,no,no,no,no,yes,no,no,no,no,no,no,no,yes,no,yes,positive
no,no,no,no,no,no,yes,yes,no,no,no,no,no,no,no,no,no,no,no,yes,no,no,no,no,no,no,yes,no,no,no,no,no,yes,no,no,no,no,no,yes,no,yes,yes,no,yes,no,no,yes,no,no,no,yes,positive
no,no,no,no,no,no,no,no,no,no,no,no,yes,no,no,no,no,no,no,no,no,no,no,no,yes,no,no,no,no,yes,yes,no,yes,no,no,yes,no,no,no,no,no,yes,no,no,yes,no,no,no,no,no,no,positive
yes,no,no,no,no,no,no,yes,no,yes,no,no,no,no,no,no,no,no,yes,no,yes,yes,no,yes,no,no,no,no,yes,no,yes,no,no,no,no,no,yes,no,no,yes,no,yes,no,no,yes,yes,no,yes,no,no,no,positive
no,no,no,no,yes,no,no,no,yes,no,no,no,no,yes,yes,no,yes,no,no,no,no,yes,no,yes,yes,yes,yes,no,no,no,no,no,no,yes,no,no,yes,no,no,yes,no,no,no,no,no,no,no,yes,no,no,yes,positive
no,no,no,no,no,no,no,yes,no,no,no,yes,no,yes,no,no,no,no,no,no,no,no,no,yes,yes,no,yes,yes,yes,no,no,no,yes,no,no,yes,no,yes,no,yes,no,yes,yes,no,no,no,no,no,no,yes,no,positive
yes,yes,no,no,no,no,no,no,yes,no,no,yes,yes,no,no,no,yes,yes,no,no,no,yes,no,no,no,no,no,no,no,yes,no,no,no,no,yes,no,no,no,no,no,no,no,yes,no,no,yes,no,no,yes,no,no,positive
no,yes,no,no,no,yes,no,no,yes,no,no,no,no,no,yes,yes,yes,no,yes,no,yes,yes,no,yes,no,no,no,yes,yes,no,no,no,no,no,yes,no,yes,no,no,yes,no,no,no,no,no,no,no,no,yes,no,no,positive
no,no,no,yes,no,no,no,no,no,yes,no,no,no,no,no,yes,no,no,no,no,no,no,yes,yes,yes,no,no,no,yes,no,no,yes,no,no,no,no,no,no,no,yes,no,no,no,yes,no,no,no,no,no,yes,yes,positive
no,yes,yes,yes,no,no,no,no,yes,no,no,yes,yes,no,yes,no,no,yes,no,no,no,yes,no,no,no,no,no,no,yes,no,no,yes,no,no,yes,yes,no,no,no,no,no,no,yes,no,no,no,no,no,yes,no,yes,positive
no,no,no,no,yes,yes,no,yes,yes,yes,no,yes,no,no,no,no,no,no,no,no,no,no,no,yes,no,no,no,yes,no,yes,no,no,yes,no,no,no,no,no,no,no,no,no,no,no,no,no,no,no,no,no,no,positive
yes,no,no,yes,no,no,no,no,no,no,yes,no,no,yes,yes,yes,no,no,yes,no,no,no,no,no,no,no,no,no,no,no,no,no,no,no,no,no,no,no,no,no,yes,no,no,no,no,no,no,yes,yes,yes,no,positive
no,no,no,yes,no,no,yes,yes,no,no,no,no,yes,no,no,no,no,no,no,no,no,no,yes,no,no,yes,no,no,no,yes,no,no,no,yes,yes,no,no,no,no,yes,no,no,yes,yes,yes,no,no,no,no,no,no,positive
no,no,no,yes,no,no,no,yes,no,no,no,no,yes,no,no,no,no,no,yes,yes,no,yes,no,no,no,no,no,no,no,no,no,no,no,no,no,yes,yes,no,no,yes,no,yes,no,no,no,yes,no,yes,yes,yes,no,positive
yes,yes,no,no,no,no,no,no,no,no,no,no,yes,yes,no,no,no,yes,no,no,no,yes,yes,yes,no,no,no,no,no,no,no,no,no,no,no,no,no,no,no,no,yes,yes,yes,no,yes,no,yes,yes,yes,no,yes,positive
yes,no,no,no,no,yes,yes,no,yes,yes,no,no,yes,yes,no,no,no,no,no,no,no,no,no,no,no,no,yes,no,no,no,no,no,yes,yes,no,yes,no,no,yes,yes,yes,no,no,no,no,no,no,no,no,yes,yes,positive
yes,yes,yes,yes,no,yes,no,no,no,yes,yes,no,no,no,no,no,no,no,no,no,no,no,no,no,no,no,no,no,no,no,no,no,no,no,yes,no,no,no,no,no,no,no,no,no,no,yes,no,yes,no,yes,yes,positive
no,yes,yes,no,yes,no,no,no,no,yes,yes,no,no,no,no,yes,yes,no,no,no,no,no,no,no,yes,no,no,no,no,yes,yes,no,no,no,no,no,no,no,no,no,no,no,yes,no,no,no,yes,no,no,no,yes,positive
yes,yes,yes,no,yes,no,no,no,yes,no,no,no,no,yes,yes,no,no,no,no,no,no,no,no,no,no,no,no,yes,no,yes,no,no,yes,no,no,no,no,no,no,no,no,no,no,no,no,no,no,yes,yes,yes,yes,positive
no,no,yes,no,no,no,no,no,no,no,no,no,yes,yes,no,yes,no,no,no,yes,no,no,no,no,no,no,no,no,no,yes,no,no,no,no,no,yes,yes,yes,no,no,yes,yes,no,no,yes,no,no,no,no,no,no,positive
no,no,no,no,no,no,no,no,no,no,no,no,no,no,no,no,no,no,no,no,no,no,no,no,yes,no,yes,yes,no,no,yes,yes,no,no,no,no,no,yes,no,no,yes,no,no,no,no,no,no,yes,yes,yes,no,positive
no,no,no,no,no,no,no,yes,no,no,no,no,yes,no,no,no,no,no,yes,yes,no,yes,yes,no,no,yes,no,no,no,no,yes,yes,no,no,no,yes,yes,no,yes,yes,yes,no,yes,yes,no,no,no,no,yes,yes,no,positive
yes,no,no,no,yes,no,no,no,no,no,no,yes,yes,yes,no,yes,no,no,no,no,no,no,yes,no,no,no,no,no,no,no,no,yes,no,no,yes,no,no,no,no,yes,no,no,no,no,no,no,no,yes,yes,yes,yes,positive
no,no,no,no,no,no,no,yes,no,no,no,no,no,no,yes,no,no,no,yes,no,no,no,yes,no,no,no,yes,no,no,yes,no,no,yes,no,no,no,no,yes,no,no,yes,yes,no,yes,no,no,yes,no,no,yes,no,positive
yes,no,no,no,no,no,no,yes,no,yes,no,no,no,no,no,no,no,no,no,no,no,no,yes,yes,no,yes,yes,no,yes,no,no,yes,no,no,yes,no,yes,no,no,yes,no,yes,no,yes,yes,no,no,no,no,no,yes,positive
yes,no,no,no,no,no,yes,no,no,no,no,no,no,no,no,no,yes,yes,no,no,no,yes,no,no,no,no,no,no,no,no,yes,yes,no,yes,no,no,no,no,no,no,yes,yes,yes,no,no,no,no,no,no,no,no,positive
yes,no,no,no,no,no,no,no,no,no,yes,no,no,no,no,no,no,no,no,no,yes,no,no,no,no,yes,no,no,no,no,no,no,no,no,no,no,yes,no,no,yes,no,no,yes,no,no,no,no,no,yes,no,no,positive
no,no,no,no,no,no,no,yes,no,no,no,no,no,yes,no,no,no,no,no,no,yes,no,no,no,no,no,no,yes,yes,yes,no,no,no,no,no,yes,no,no,yes,yes,no,no,no,yes,yes,yes,no,no,yes,no,no,positive
no,yes,yes,no,yes,yes,yes,no,no,no,no,no,no,yes,yes,no,no,no,no,no,yes,no,no,no,yes,no,no,no,yes,no,no,no,no,yes,no,no,no,no,no,no,no,no,yes,yes,yes,no,no,no,yes,no,yes,positive
no,yes,no,yes,no,no,no,no,no,no,no,no,no,no,no,no,no,yes,no,no,no,no,yes,yes,no,yes,no,yes,no,no,no,no,yes,no,no,no,yes,no,no,no,no,no,no,no,no,no,yes,no,yes,yes,yes,positive
no,no,no,no,no,yes,no,no,yes,yes,no,no,yes,no,no,no,no,yes,no,yes,yes,no,no,no,no,no,yes,no,yes,no,yes,no,yes,no,no,no,yes,yes,no,no,no,no,no,no,no,no,no,yes,no,yes,yes,positive
no,yes,yes,no,no,no,yes,no,no,no,no,yes,no,no,no,yes,no,yes,no,no,no,yes,no,yes,yes,no,yes,no,no,no,no,yes,no,no,no,yes,no,yes,no,no,yes,no,yes,no,yes,yes,no,yes,no,no,no,positive
no,no,no,no,yes,no,no,no,yes,no,no,no,no,no,no,no,yes,no,no,no,no,no,no,yes,no,no,no,no,yes,yes,no,no,yes,no,no,no,no,yes,no,yes,no,no,no,no,no,no,no,no,no,no,no,positive
no,no,no,no,yes,no,no,no,no,no,no,no,no,no,no,no,no,no,yes,no,no,yes,no,yes,no,no,no,no,no,no,no,no,no,yes,no,no,no,no,no,yes,no,no,no,yes,yes,yes,no,no,no,no,no,positive
no,no,no,no,no,no,no,no,yes,no,no,no,no,yes,no,no,no,no,no,no,no,yes,no,no,no,no,yes,yes,no,yes,no,yes,no,no,yes,no,no,yes,yes,yes,yes,no,no,no,no,yes,no,no,yes,yes,no,positive
no,no,no,no,yes,no,no,no,no,yes,no,no,no,no,yes,no,no,no,no,no,no,no,yes,no,no,no,no,no,no,no,no,no,yes,yes,no,yes,yes,yes,no,no,no,yes,yes,no,no,no,no,no,no,no,yes,positive
no,no,no,yes,yes,no,yes,no,yes,no,no,no,yes,yes,no,no,no,no,yes,no,no,no,no,no,no,no,no,no,no,yes,no,no,no,no,no,yes,no,yes,no,no,no,no,no,yes,yes,no,no,yes,no,no,no,positive
yes,no,no,yes,no,no,yes,no,no,yes,yes,yes,no,no,yes,yes,no,yes,yes,no,no,no,no,no,yes,no,no,no,yes,no,no,no,no,no,yes,no,no,no,yes,yes,no,yes,no,no,no,no,yes,no,no,yes,no,positive
yes,yes,no,yes,no,no,yes,no,no,no,yes,yes,no,yes,no,no,no,no,no,no,no,no,no,no,yes,yes,no,no,no,yes,no,yes,yes,no,no,no,yes,no,no,yes,no,no,no,no,no,no,no,no,no,no,no,positive
yes,yes,yes,no,yes,no,yes,yes,no,no,no,yes,no,no,yes,no,no,no,no,yes,no,no,yes,no,yes,yes,no,yes,yes,no,no,no,no,no,no,no,no,no,no,no,no,no,no,no,no,no,no,yes,yes,yes,yes,positive
no,no,no,no,no,yes,no,no,no,no,no,yes,no,yes,no,no,no,no,no,yes,no,no,no,no,yes,no,no,yes,no,no,yes,no,no,no,no,no,no,no,yes,no,yes,no,no,yes,no,yes,yes,no,yes,yes,no,positive
no,no,yes,yes,no,no,no,yes,yes,yes,no,no,no,yes,no,no,no,yes,no,yes,yes,no,no,yes,no,no,no,yes,no,yes,no,no,yes,no,yes,no,no,no,yes,no,no,no,no,yes,yes,no,no,no,no,no,yes,positive
no,yes,no,no,no,no,no,yes,yes,no,no,no,yes,yes,no,no,no,no,no,no,no,no,no,no,no,no,no,no,no,no,no,yes,no,no,yes,no,no,no,no,yes,no,no,no,no,no,no,no,no,yes,no,yes,positive
no,no,no,no,no,no,no,no,yes,no,no,no,no,no,no,no,no,no,no,no,no,no,yes,no,yes,no,yes,no,yes,no,no,no,yes,no,no,no,no,no,yes,no,no,no,no,no,no,no,no,yes,no,no,no,positive
yes,no,no,no,yes,yes,yes,yes,no,no,yes,no,no,yes,no,no,no,no,no,yes,no,yes,no,yes,no,yes,yes,yes,yes,no,no,yes,no,yes,no,yes,yes,no,yes,no,no,yes,no,no,no,no,no,no,no,no,no,positive
no,yes,no,no,yes,no,no,no,no,yes,yes,no,no,no,yes,no,no,no,no,no,yes,no,no,no,yes,yes,yes,no,yes,yes,no,no,yes,no,no,no,no,no,no,no,no,no,no,no,yes,no,yes,no,no,no,no,positive
no,no,no,no,no,yes,no,no,no,no,no,no,no,no,no,no,no,no,no,no,yes,no,yes,no,no,no,no,no,yes,no,no,no,no,no,no,no,no,no,no,no,yes,no,no,no,no,no,no,no,no,no,no,positive
no,no,no,no,no,no,no,no,no,yes,no,no,yes,yes,no,no,no,no,no,no,yes,no,no,no,yes,yes,yes,no,no,no,no,no,no,no,no,no,no,no,yes,yes,no,no,no,no,yes,no,no,no,no,no,yes,positive
yes,no,no,no,no,no,yes,yes,no,no,no,no,no,no,no,no,no,yes,no,no,yes,yes,no,yes,no,no,no,yes,no,no,yes,no,no,yes,no,no,yes,no,no,yes,no,no,no,no,yes,no,no,no,no,no,yes,positive
no,no,yes,no,no,yes,yes,no,no,no,no,no,yes,no,no,no,no,yes,no,yes,no,no,no,no,no,yes,no,no,no,yes,no,no,no,no,no,no,yes,no,yes,no,yes,no,no,no,no,no,no,no,no,no,no,positive
no,no,no,yes,no,no,no,no,no,yes,no,yes,no,yes,no,no,no,no,no,no,no,no,no,no,yes,no,no,no,no,no,no,yes,yes,no,no,no,yes,no,yes,yes,no,yes,yes,no,no,yes,yes,no,no,yes,no,positive
no,no,no,yes,no,no,no,no,yes,yes,no,no,no,no,no,yes,no,no,no,no,no,no,no,no,yes,no,no,no,no,yes,no,no,no,no,no,yes,no,no,no,yes,yes,no,no,no,no,yes,no,no,no,no,yes,positive
no,yes,yes,no,no,yes,no,no,no,no,no,yes,no,yes,no,no,yes,no,yes,yes,no,yes,yes,no,no,no,no,no,no,no,no,no,no,no,no,yes,no,yes,no,no,yes,yes,no,yes,no,yes,no,no,no,no,no,positive
no,yes,yes,yes,no,no,no,no,no,yes,yes,yes,no,no,no,no,no,no,no,no,no,no,no,no,no,yes,no,no,no,no,no,yes,no,no,yes,no,no,yes,no,no,no,no,no,no,no,no,no,no,no,yes,yes,positive
no,no,no,no,no,no,no,no,no,no,no,no,no,no,no,no,yes,no,yes,no,no,yes,no,yes,yes,no,yes,no,no,no,no,no,no,no,no,no,no,no,yes,no,no,no,no,no,no,yes,no,no,yes,no,no,positive
no,no,no,no,no,no,no,yes,no,yes,no,no,no,no,yes,no,no,no,no,yes,no,no,yes,no,no,no,yes,yes,no,no,no,no,no,no,no,no,no,no,no,no,no,no,no,yes,no,no,no,no,no,yes,yes,positive
yes,yes,yes,yes,yes,no,no,no,no,yes,yes,no,no,yes,yes,no,no,no,no,no,yes,no,no,no,no,no,no,yes,no,no,yes,no,no,no,no,no,yes,no,no,no,no,yes,no,no,no,no,no,yes,no,no,yes,positive
no,no,no,yes,yes,no,no,yes,no,yes,yes,yes,yes,no,yes,no,no,no,no,no,no,yes,no,no,no,no,no,no,no,no,no,yes,no,no,no,no,no,no,no,no,no,no,yes,no,no,no,yes,yes,no,yes,yes,positive
no,no,no,no,yes,no,no,yes,yes,no,no,no,no,no,no,yes,no,no,yes,no,yes,no,no,no,no,no,no,yes,no,no,yes,no,yes,no,no,yes,no,yes,no,no,no,no,no,no,no,no,no,no,yes,no,no,positive
no,no,no,yes,yes,no,no,yes,yes,no,no,no,no,yes,no,no,yes,no,no,yes,no,yes,yes,no,yes,no,no,yes,no,yes,no,no,no,no,yes,no,no,yes,no,no,no,no,no,no,no,no,no,no,yes,no,no,positive
no,no,no,no,no,no,yes,yes,no,no,no,no,no,no,no,no,yes,no,no,yes,no,yes,no,no,no,no,no,yes,no,yes,no,no,no,no,no,no,yes,no,yes,yes,no,yes,yes,yes,no,yes,no,no,no,no,no,positive
no,yes,no,no,no,yes,no,no,no,yes,no,no,yes,yes,no,no,no,no,yes,no,no,no,no,no,no,no,yes,no,no,yes,no,no,no,no,no,yes,no,yes,no,no,no,yes,no,yes,no,no,no,no,no,no,no,positive
yes,no,no,no,no,yes,no,yes,no,yes,no,yes,yes,no,yes,yes,no,no,no,no,no,no,no,no,no,yes,no,no,no,no,yes,no,no,yes,no,yes,no,no,no,no,no,no,yes,no,no,yes,no,no,no,no,yes,positive
no,yes,yes,no,no,yes,no,no,yes,no,no,yes,no,yes,no,no,yes,no,yes,yes,no,no,yes,yes,no,no,no,no,no,no,no,no,no,no,no,yes,no,no,no,no,yes,no,no,yes,no,yes,no,no,no,no,no,positive
yes,yes,yes,no,no,no,no,no,no,yes,yes,no,yes,no,no,no,no,no,no,no,no,yes,no,no,no,yes,no,no,no,no,yes,no,no,yes,no,no,yes,no,no,no,yes,no,no,no,yes,no,no,no,no,no,no,positive
no,no,no,no,no,no,no,yes,no,no,no,no,no,no,no,no,no,yes,yes,no,yes,yes,yes,yes,yes,no,no,no,no,no,no,no,no,no,no,no,no,no,no,no,no,no,yes,no,no,no,no,no,no,no,no,positive
no,no,no,no,no,no,no,no,no,yes,no,no,no,no,yes,yes,no,no,no,yes,no,no,yes,no,no,no,no,no,no,no,no,no,yes,no,no,yes,yes,no,no,no,no,yes,no,no,yes,no,no,no,no,no,yes,positive
no,yes,no,yes,no,no,yes,no,no,yes,yes,no,no,no,no,yes,yes,no,no,no,no,yes,no,yes,no,yes,no,no,no,yes,no,yes,no,no,yes,no,no,no,no,no,no,yes,no,no,no,yes,no,no,no,no,yes,positive
no,no,yes,yes,no,no,yes,yes,no,yes,no,yes,yes,yes,no,no,no,no,no,yes,yes,no,no,yes,no,no,no,no,no,no,yes,no,no,no,no,yes,no,no,no,no,no,no,no,no,no,no,no,no,no,yes,no,positive
yes,no,no,no,no,no,no,no,yes,yes,no,yes,no,yes,yes,yes,yes,no,no,no,no,no,yes,no,no,no,no,no,no,no,no,yes,yes,yes,no,no,yes,no,no,yes,yes,no,no,no,no,no,no,no,no,no,no,positive
no,no,no,no,no,no,no,no,no,no,no,no,no,yes,yes,no,no,no,no,no,no,no,no,no,no,no,yes,yes,yes,no,no,yes,no,no,no,no,yes,yes,no,no,yes,no,no,no,no,no,yes,no,yes,no,no,positive
no,no,yes,no,yes,no,no,yes,no,yes,yes,no,no,no,no,no,yes,yes,no,no,yes,no,no,no,no,no,yes,no,no,no,yes,no,yes,yes,no,no,no,no,no,no,no,yes,no,no,no,yes,no,no,no,no,yes,positive
no,yes,no,yes,no,no,no,no,yes,no,no,no,no,no,no,no,no,no,no,yes,no,no,no,yes,yes,yes,no,yes,no,no,no,no,yes,no,no,no,no,yes,no,no,no,no,no,no,no,no,yes,no,yes,no,no,positive
no,no,yes,no,no,yes,no,yes,yes,no,yes,yes,yes,no,yes,no,no,no,no,no,no,yes,no,no,no,no,no,no,no,no,no,no,no,no,no,no,no,no,no,no,no,no,yes,no,yes,no,yes,no,yes,no,yes,negative
no,no,yes,no,no,no,no,no,no,yes,no,no,no,no,no,no,no,no,yes,yes,no,yes,no,no,no,no,yes,yes,no,yes,no,yes,no,no,no,yes,no,no,no,no,yes,no,yes,no,no,no,no,no,no,no,no,negative
no,yes,no,yes,yes,yes,yes,no,yes,yes,yes,yes,no,no,no,no,no,yes,yes,no,no,no,no,no,no,no,no,no,no,no,no,no,no,no,no,no,yes,no,no,yes,no,no,no,no,no,no,no,yes,no,yes,no,negative
yes,no,no,no,no,yes,yes,yes,no,yes,no,no,no,yes,no,no,no,no,yes,yes,no,no,yes,yes,no,no,yes,no,no,no,no,no,no,no,no,no,no,no,no,no,no,no,no,no,no,no,yes,no,no,yes,no,negative
no,no,no,no,no,no,no,yes,no,no,yes,yes,no,no,yes,no,no,no,no,yes,no,no,no,no,no,no,no,no,no,no,no,yes,no,no,no,no,no,no,no,no,no,no,no,no,no,no,no,no,yes,yes,no,negative
yes,yes,no,yes,no,no,no,yes,yes,yes,yes,yes,yes,no,yes,no,no,yes,no,no,no,no,no,yes,no,no,no,no,no,yes,no,no,no,yes,no,no,no,no,no,no,no,no,no,no,no,no,no,yes,no,no,yes,negative
yes,yes,yes,yes,no,no,yes,no,yes,yes,no,yes,no,yes,yes,yes,yes,no,yes,no,no,no,yes,no,no,no,no,no,no,no,no,no,no,no,no,yes,no,no,no,no,no,no,no,yes,no,yes,no,no,no,no,no,negative
no,yes,no,no,no,no,no,no,no,no,yes,no,no,no,yes,no,yes,no,yes,no,no,yes,no,yes,yes,no,no,no,no,no,no,yes,no,no,no,yes,no,no,no,yes,no,yes,yes,no,no,no,no,no,no,no,no,negative
yes,no,no,no,yes,no,yes,no,yes,yes,yes,no,yes,no,yes,no,no,yes,no,yes,no,no,yes,no,no,no,no,no,yes,no,yes,no,no,no,no,no,no,no,no,no,no,no,no,no,no,yes,no,no,no,yes,no,negative
no,no,no,no,no,no,no,yes,yes,no,yes,yes,no,no,no,no,yes,no,yes,yes,no,yes,no,yes,no,yes,no,yes,no,no,yes,no,no,no,no,no,no,no,no,no,yes,no,no,no,no,no,yes,yes,no,no,no,negative
yes,yes,no,yes,yes,no,no,yes,no,yes,no,yes,no,no,yes,no,yes,yes,no,yes,yes,yes,no,yes,no,no,no,no,no,no,no,no,no,no,no,no,no,no,no,no,no,no,no,no,no,no,no,no,no,no,no,negative
no,no,no,yes,no,no,no,no,no,no,no,no,no,yes,no,no,no,no,no,no,yes,yes,no,no,no,no,no,yes,no,no,no,no,no,yes,no,no,no,yes,yes,no,yes,yes,yes,no,no,no,yes,no,no,yes,yes,negative
no,no,yes,yes,yes,no,no,yes,yes,no,no,yes,no,no,no,yes,yes,no,yes,yes,yes,no,yes,no,no,no,no,no,no,no,no,no,no,no,no,no,no,no,no,no,no,no,no,no,no,no,no,no,no,no,no,negative
no,yes,yes,yes,yes,no,no,yes,no,yes,yes,no,yes,yes,yes,yes,yes,yes,no,yes,no,no,no,no,no,no,no,no,no,no,no,no,no,no,no,no,no,no,no,no,no,no,yes,no,no,no,no,no,no,no,yes,negative
no,yes,no,no,yes,yes,no,no,no,no,no,yes,yes,yes,yes,yes,yes,yes,no,yes,no,yes,no,yes,yes,no,no,no,no,no,no,no,no,no,no,no,no,no,no,yes,no,no,no,no,no,no,no,no,yes,no,no,negative
yes,no,yes,yes,yes,yes,no,no,no,no,yes,no,no,no,yes,yes,yes,yes,yes,no,no,no,yes,yes,yes,no,no,no,no,no,no,no,no,no,no,no,no,no,no,no,no,yes,no,no,no,no,yes,yes,no,no,no,negative
yes,no,no,yes,yes,no,yes,no,no,no,no,yes,no,no,no,no,no,no,no,no,no,no,yes,no,no,no,no,no,no,no,no,no,no,no,no,no,no,no,yes,no,no,no,no,no,no,no,no,no,yes,yes,yes,negative
no,yes,no,no,yes,yes,no,yes,yes,no,yes,yes,no,no,yes,no,yes,no,no,yes,yes,yes,yes,yes,no,no,yes,no,no,no,no,no,no,no,no,no,no,no,no,no,no,no,no,no,no,yes,yes,no,no,no,no,negative
no,no,yes,yes,no,yes,no,yes,yes,no,yes,yes,no,no,yes,no,no,yes,no,no,no,yes,yes,no,no,no,no,no,no,no,no,no,no,no,no,no,no,no,no,no,no,no,no,no,no,no,no,no,no,no,no,negative
no,yes,no,yes,no,yes,no,yes,no,no,yes,yes,no,no,yes,no,yes,no,yes,no,yes,yes,no,yes,no,no,no,no,no,no,no,no,no,no,no,no,no,no,no,no,no,yes,no,no,no,no,no,yes,yes,no,no,negative
yes,no,yes,yes,yes,no,yes,yes,no,yes,yes,yes,yes,yes,no,yes,no,yes,yes,yes,no,yes,yes,yes,no,no,no,no,no,no,no,no,no,no,no,no,yes,no,no,no,no,no,yes,no,yes,no,no,no,no,no,no,negative
yes,no,yes,yes,yes,yes,no,yes,no,no,yes,no,no,yes,yes,no,yes,yes,yes,yes,no,yes,yes,no,no,no,no,no,no,no,no,no,no,no,no,no,no,no,no,no,no,no,no,no,no,yes,no,no,no,no,no,negative
no,yes,yes,yes,no,yes,yes,yes,yes,yes,no,yes,no,no,yes,no,yes,yes,yes,yes,yes,yes,yes,yes,no,no,no,no,no,no,no,no,no,no,no,no,no,no,no,no,yes,no,no,yes,no,yes,no,no,no,no,no,negative
no,no,yes,no,yes,yes,yes,yes,yes,yes,yes,yes,yes,no,yes,yes,yes,no,yes,yes,no,no,no,yes,no,no,yes,no,no,no,no,no,no,no,no,no,no,yes,no,no,no,no,no,no,no,no,yes,no,no,no,no,negative
yes,no,yes,yes,yes,yes,no,yes,no,yes,yes,yes,no,no,yes,no,yes,no,yes,no,no,no,no,yes,no,no,no,no,no,no,no,no,yes,no,no,no,no,no,yes,no,no,no,no,no,no,no,yes,no,no,no,no,negative
no,yes,yes,yes,yes,no,yes,yes,yes,yes,no,yes,yes,no,yes,no,yes,yes,no,yes,yes,yes,no,yes,no,no,no,no,no,no,no,no,no,no,no,no,no,no,no,no,no,no,no,no,no,yes,no,yes,no,no,no,negative
yes,yes,yes,no,no,no,no,no,no,yes,no,no,no,no,no,no,no,no,no,no,yes,no,no,no,no,no,yes,yes,no,yes,yes,no,no,yes,yes,no,yes,no,no,no,no,no,no,no,no,no,no,no,no,no,no,negative
no,no,no,yes,yes,yes,yes,yes,yes,yes,yes,yes,yes,yes,no,no,yes,no,yes,no,no,no,yes,no,no,yes,no,no,no,no,no,no,yes,no,no,no,yes,yes,no,no,no,no,no,no,no,no,yes,no,no,no,no,negative
no,no,no,no,yes,yes,yes,yes,yes,yes,yes,no,yes,yes,yes,no,no,yes,no,yes,no,no,yes,yes,yes,no,no,no,no,yes,no,no,no,no,no,no,no,yes,yes,no,no,no,no,no,no,yes,no,no,no,yes,no,negative
yes,yes,no,no,no,no,yes,yes,no,yes,no,yes,yes,no,no,no,yes,no,yes,no,yes,yes,yes,no,yes,yes,no,no,no,no,yes,no,no,yes,no,no,no,no,no,yes,no,no,yes,no,no,no,no,no,no,no,no,negative
yes,yes,yes,no,yes,yes,yes,no,no,no,no,no,no,yes,no,no,yes,no,no,no,no,no,no,no,no,no,no,no,no,no,no,no,yes,no,no,yes,no,no,no,no,no,yes,no,no,no,no,no,yes,yes,no,no,negative
no,yes,no,no,no,yes,yes,no,no,yes,yes,yes,yes,yes,yes,yes,yes,no,yes,yes,no,yes,no,no,no,no,no,no,no,no,no,no,no,no,no,no,no,no,no,no,no,no,no,no,no,no,yes,yes,no,no,no,negative
no,yes,no,yes,no,yes,no,yes,yes,no,yes,yes,no,no,yes,no,yes,no,yes,no,no,no,no,no,no,yes,no,no,no,no,no,no,no,no,no,no,no,no,no,no,no,no,no,no,no,no,no,yes,yes,no,no,negative
yes,yes,yes,yes,yes,yes,yes,yes,yes,yes,yes,no,yes,yes,no,no,no,no,no,no,yes,yes,no,yes,no,no,no,no,no,no,no,no,no,no,no,no,no,no,no,no,no,no,no,no,no,no,yes,no,no,yes,yes,negative
yes,yes,no,yes,yes,yes,yes,no,no,yes,yes,yes,yes,yes,no,yes,no,yes,no,yes,yes,yes,yes,yes,no,no,no,no,no,no,yes,no,no,no,no,no,no,no,no,yes,no,no,no,no,yes,no,yes,yes,no,no,no,negative
yes,yes,no,yes,yes,yes,no,no,yes,no,yes,yes,no,yes,yes,no,yes,no,no,no,yes,no,no,yes,no,no,no,no,no,no,no,no,no,no,no,no,no,no,no,yes,no,no,no,no,no,no,no,no,no,no,yes,negative
no,yes,yes,yes,yes,no,yes,no,yes,yes,yes,no,yes,yes,no,yes,no,yes,yes,yes,no,no,yes,no,no,no,no,no,no,no,no,no,no,no,no,no,no,yes,no,no,no,no,no,no,no,no,no,no,no,no,no,negative
yes,no,yes,no,yes,no,yes,no,yes,yes,no,yes,yes,yes,no,no,no,yes,yes,no,yes,yes,no,yes,no,no,no,no,no,no,no,no,no,no,no,no,no,no,yes,no,no,no,no,yes,no,no,yes,no,no,yes,no,negative
yes,yes,yes,yes,yes,yes,yes,yes,yes,no,yes,yes,no,yes,no,no,no,yes,yes,yes,no,yes,no,yes,yes,no,no,yes,no,no,no,no,no,no,no,yes,no,no,no,no,no,no,no,no,no,no,no,no,no,yes,no,negative
no,yes,no,yes,yes,yes,no,no,yes,yes,yes,no,no,no,no,yes,yes,yes,no,no,no,no,no,yes,no,no,no,yes,no,no,no,yes,no,no,no,no,no,no,no,no,no,no,no,no,no,no,no,no,no,no,yes,negative
yes,yes,yes,no,yes,no,yes,no,no,yes,no,yes,yes,yes,no,no,no,no,yes,yes,no,no,no,yes,no,no,no,no,no,no,yes,no,no,no,no,yes,no,no,no,no,no,no,no,no,yes,no,no,no,no,no,no,negative
no,no,no,no,yes,yes,no,no,yes,no,yes,no,yes,yes,no,no,no,no,yes,yes,yes,no,yes,yes,no,no,no,no,yes,no,no,no,yes,no,no,no,yes,no,no,no,no,no,no,no,yes,no,no,no,no,no,no,negative
yes,yes,yes,yes,no,no,no,yes,no,yes,yes,yes,no,yes,no,yes,yes,no,yes,no,no,no,no,yes,no,no,no,no,no,no,no,no,no,no,no,no,yes,no,no,no,yes,no,yes,no,no,no,no,yes,no,no,no,negative
yes,yes,yes,yes,yes,yes,yes,yes,yes,yes,yes,yes,yes,yes,no,yes,no,no,yes,yes,no,no,no,yes,no,no,no,no,no,no,no,yes,yes,no,no,no,no,no,no,no,no,no,no,no,no,no,no,no,no,no,no,negative
yes,no,no,no,no,no,no,no,no,yes,no,no,yes,no,no,yes,no,no,yes,no,no,yes,no,no,yes,no,no,no,no,yes,no,no,no,no,no,no,no,no,yes,no,yes,no,yes,no,yes,no,no,no,no,no,no,negative
yes,yes,yes,yes,yes,yes,no,no,no,yes,yes,yes,yes,yes,yes,yes,yes,no,yes,no,no,no,yes,yes,no,no,no,no,no,no,no,no,no,no,no,no,no,no,no,no,no,yes,no,no,no,no,no,no,no,no,no,negative
no,no,yes,yes,yes,no,no,yes,no,yes,no,no,yes,no,no,no,no,no,no,no,yes,no,yes,no,no,no,no,no,no,yes,no,no,no,no,yes,no,no,no,no,no,no,no,no,no,no,no,yes,yes,no,no,yes,negative
no,yes,no,no,yes,no,yes,yes,yes,yes,yes,yes,yes,yes,yes,yes,yes,no,no,yes,yes,yes,yes,no,no,yes,no,no,no,yes,no,no,no,no,no,yes,yes,no,no,no,no,no,no,no,no,yes,no,no,no,no,yes,negative
no,yes,no,yes,no,yes,no,yes,yes,no,yes,yes,no,no,yes,no,no,no,no,yes,yes,no,no,no,no,no,no,no,no,no,no,no,no,no,no,no,yes,no,no,no,no,no,yes,no,yes,no,yes,yes,yes,no,no,negative
no,no,no,yes,no,no,yes,no,no,no,no,no,yes,yes,no,no,no,no,no,yes,yes,yes,no,no,no,no,no,no,no,no,no,no,no,no,no,no,yes,no,no,yes,no,yes,no,no,yes,no,yes,yes,yes,no,no,negative
yes,yes,yes,no,yes,yes,no,yes,yes,yes,yes,no,yes,no,yes,yes,yes,yes,yes,no,yes,yes,yes,yes,yes,no,yes,no,no,no,no,no,no,no,no,yes,no,no,no,no,no,no,no,no,no,no,no,no,no,no,no,negative
yes,yes,yes,yes,yes,yes,yes,yes,yes,yes,yes,yes,no,yes,no,yes,yes,no,yes,yes,no,no,no,no,no,no,no,no,no,no,no,yes,no,no,yes,no,no,no,no,no,no,no,no,no,no,yes,no,no,no,no,no,negative
yes,yes,yes,yes,no,yes,yes,no,no,yes,yes,no,no,no,no,yes,yes,yes,yes,yes,no,yes,no,no,no,no,no,no,no,no,no,no,no,no,no,no,no,no,no,no,no,yes,no,no,no,no,no,no,no,no,no,negative
no,no,yes,no,yes,no,no,yes,no,no,yes,yes,yes,no,yes,yes,no,yes,no,yes,yes,yes,yes,no,no,no,no,no,no,no,no,no,no,no,no,no,no,yes,no,no,no,no,no,no,no,no,yes,no,no,no,no,negative
yes,yes,yes,yes,yes,no,yes,yes,yes,yes,yes,no,yes,no,yes,no,no,yes,no,no,no,no,no,no,no,yes,no,no,no,no,no,yes,no,no,no,no,no,no,no,no,no,no,yes,no,no,no,no,no,no,yes,yes,negative
no,no,no,no,no,no,no,no,yes,no,no,no,yes,no,yes,no,yes,no,yes,no,yes,no,no,no,no,no,no,no,yes,no,no,no,no,no,no,no,no,no,no,no,no,no,no,no,no,no,yes,yes,no,no,no,negative
yes,yes,yes,yes,yes,yes,yes,yes,yes,yes,yes,yes,yes,no,yes,no,yes,yes,yes,no,yes,yes,no,yes,no,no,no,no,no,no,no,no,no,no,no,no,no,no,no,no,no,no,no,no,no,no,no,no,no,no,no,negative
no,no,no,no,no,no,yes,no,no,no,no,no,yes,no,no,no,no,no,no,no,no,no,no,no,no,no,no,no,yes,no,no,yes,no,no,yes,yes,no,no,yes,no,yes,no,yes,yes,no,no,no,yes,no,no,no,negative
yes,no,yes,no,no,yes,no,no,no,yes,no,no,yes,yes,no,yes,no,yes,no,yes,no,no,no,no,no,no,no,no,no,no,no,no,no,no,no,yes,yes,no,yes,no,no,no,no,yes,yes,yes,no,no,no,no,no,negative
no,no,yes,yes,yes,no,yes,no,yes,yes,yes,yes,no,yes,no,no,no,no,no,no,no,no,no,no,yes,no,no,no,yes,no,no,no,yes,no,no,no,no,no,no,no,no,no,yes,no,no,no,no,no,no,no,no,negative
no,no,yes,no,no,yes,yes,yes,yes,yes,yes,yes,yes,yes,no,yes,no,yes,yes,yes,yes,yes,yes,yes,no,yes,no,no,no,no,no,no,no,no,no,no,no,no,no,no,no,no,no,no,yes,no,yes,no,no,no,no,negative
yes,yes,yes,yes,no,yes,no,yes,yes,yes,no,yes,no,no,no,yes,yes,no,yes,yes,no,no,no,yes,no,no,no,no,no,no,no,no,no,no,no,no,no,no,no,no,no,no,no,yes,no,no,no,no,no,no,no,negative
no,yes,no,yes,yes,yes,no,no,yes,yes,no,yes,yes,yes,yes,yes,yes,yes,yes,no,no,no,yes,no,no,no,no,no,no,yes,yes,no,yes,no,yes,no,no,yes,no,yes,no,no,yes,yes,no,no,no,no,no,no,no,negative
yes,yes,yes,yes,yes,no,yes,no,yes,yes,no,yes,no,no,yes,no,no,no,no,no,yes,no,no,no,no,yes,no,no,yes,no,yes,no,yes,no,yes,no,no,no,no,no,no,no,no,no,no,no,yes,no,no,no,no,negative
no,yes,no,no,yes,no,no,no,yes,no,yes,no,no,no,yes,no,no,no,no,no,yes,yes,no,no,yes,no,yes,yes,no,no,no,no,no,yes,yes,no,yes,no,no,yes,no,no,no,no,yes,yes,no,yes,no,no,no,negative
no,no,yes,yes,yes,no,no,no,yes,yes,yes,yes,yes,yes,yes,yes,yes,yes,yes,yes,no,no,no,yes,no,no,no,no,no,no,no,no,no,no,no,yes,no,yes,no,no,no,no,no,no,no,no,no,no,no,no,no,negative
yes,no,no,yes,yes,no,yes,yes,yes,yes,yes,yes,yes,yes,no,yes,no,no,no,no,yes,yes,no,yes,no,yes,no,no,no,no,no,no,no,no,no,no,no,no,no,no,no,no,no,no,yes,no,no,no,no,no,yes,negative
no,no,no,yes,no,yes,yes,yes,yes,yes,yes,yes,yes,yes,yes,yes,yes,yes,yes,yes,no,yes,yes,yes,no,no,no,no,no,no,no,no,no,no,no,no,no,yes,no,no,yes,no,no,no,no,no,no,no,no,no,no,negative
no,no,no,yes,yes,no,yes,no,yes,yes,yes,no,no,yes,no,no,yes,no,yes,no,yes,yes,no,no,no,no,no,yes,no,no,no,no,no,no,no,no,no,no,no,no,no,no,no,no,no,no,no,no,no,no,no,negative
no,no,no,no,no,no,yes,no,no,no,yes,yes,no,no,yes,no,yes,no,yes,no,yes,no,yes,no,yes,no,yes,no,no,no,no,no,no,no,no,no,no,yes,no,no,yes,yes,no,no,no,no,no,no,no,no,no,negative
yes,yes,yes,no,yes,no,yes,yes,yes,yes,no,no,yes,yes,yes,no,yes,yes,yes,yes,yes,yes,no,no,no,no,no,no,no,no,no,no,no,no,no,no,no,no,no,no,no,no,no,no,no,no,yes,no,no,no,no,negative
yes,yes,no,no,no,no,no,no,yes,yes,yes,no,no,no,no,no,no,yes,no,no,yes,no,yes,no,no,no,no,no,no,no,yes,no,no,yes,no,no,no,no,no,yes,yes,no,no,no,no,no,yes,no,no,no,no,negative
no,no,no,no,no,no,no,no,no,no,no,no,no,yes,yes,no,no,no,no,no,no,no,no,no,no,no,no,no,no,no,no,no,yes,yes,no,yes,no,no,yes,no,no,yes,no,no,no,no,no,yes,no,yes,yes,negative
no,no,no,no,no,no,no,yes,no,yes,no,no,no,no,no,no,yes,no,no,no,no,no,yes,yes,yes,yes,no,yes,no,yes,no,no,yes,no,no,no,no,no,no,no,no,no,no,yes,no,no,no,no,no,no,yes,negative
no,no,yes,yes,yes,no,no,yes,yes,yes,no,yes,yes,yes,yes,no,yes,no,yes,no,yes,no,yes,no,no,no,no,no,no,no,no,no,no,no,no,no,no,no,no,no,no,no,no,no,no,no,yes,yes,no,no,no,negative
yes,yes,no,yes,yes,no,yes,yes,yes,no,yes,no,yes,yes,yes,no,yes,no,yes,yes,yes,yes,no,no,no,no,no,no,no,no,no,no,no,no,no,no,no,no,no,no,no,no,no,no,no,no,no,no,no,no,no,negative
no,yes,yes,no,no,no,yes,yes,no,no,no,no,no,no,yes,no,no,no,no,yes,no,no,no,yes,no,no,no,no,no,no,no,no,no,no,yes,no,no,yes,no,no,yes,no,no,yes,no,no,yes,no,no,yes,no,negative
no,no,yes,no,no,yes,no,yes,no,no,no,yes,no,yes,no,no,no,no,no,no,no,no,no,no,yes,no,yes,no,no,no,no,no,yes,no,no,yes,no,yes,yes,no,yes,no,no,yes,no,yes,no,no,no,yes,yes,negative
yes,yes,no,yes,yes,no,no,no,no,yes,yes,yes,no,no,yes,no,no,no,no,yes,no,yes,no,no,no,no,no,no,no,no,no,yes,no,no,no,no,no,no,no,yes,no,no,no,no,no,no,yes,no,no,yes,no,negative
no,yes,yes,yes,yes,yes,no,yes,no,yes,no,no,no,no,no,yes,yes,no,yes,yes,no,yes,yes,no,no,no,no,no,no,no,no,no,no,no,yes,no,no,yes,no,no,no,no,no,no,no,no,yes,no,no,no,no,negative
no,yes,no,yes,yes,no,yes,no,yes,yes,yes,yes,yes,yes,no,yes,yes,no,yes,no,yes,yes,no,yes,no,no,no,no,no,no,no,no,no,no,yes,yes,no,no,no,yes,no,no,yes,no,no,no,no,no,no,no,no,negative
no,no,no,no,no,no,yes,no,yes,no,no,no,no,yes,yes,no,no,yes,no,no,no,no,no,no,no,yes,yes,no,no,no,no,no,yes,no,no,no,no,yes,no,no,no,no,no,no,no,no,yes,yes,yes,yes,no,negative
yes,no,no,no,no,no,no,no,no,yes,no,yes,no,yes,no,yes,yes,no,no,no,no,no,yes,yes,no,yes,yes,yes,no,no,no,no,no,no,no,no,no,no,no,no,no,no,no,yes,no,yes,no,no,no,no,yes,negative
no,yes,no,yes,no,no,no,yes,yes,no,no,yes,no,yes,yes,no,yes,yes,yes,yes,no,yes,no,yes,no,no,no,no,no,no,no,no,no,no,no,no,no,yes,no,no,no,no,no,no,no,no,yes,no,yes,no,no,negative
no,no,no,yes,no,no,no,no,yes,yes,no,yes,no,yes,no,no,no,yes,no,yes,yes,no,yes,no,no,no,no,no,no,no,no,no,yes,no,no,no,no,no,no,yes,no,no,no,no,no,no,no,no,no,no,no,negative
yes,yes,yes,yes,yes,yes,no,yes,yes,yes,yes,yes,yes,yes,yes,yes,yes,yes,no,no,no,no,no,no,no,no,no,no,no,no,no,yes,no,yes,yes,no,no,no,no,no,no,no,no,no,no,no,yes,no,no,no,no,negative
no,yes,no,yes,no,yes,no,yes,yes,no,yes,yes,no,no,yes,no,yes,no,yes,no,no,yes,yes,yes,yes,no,no,yes,no,no,no,no,no,no,no,no,no,no,no,no,no,no,no,no,no,no,no,no,no,no,no,negative
no,no,no,yes,no,yes,no,yes,no,no,yes,yes,no,no,yes,no,no,yes,yes,no,yes,no,yes,yes,no,no,no,no,no,no,no,no,no,no,no,no,no,no,no,yes,yes,no,no,no,yes,no,yes,no,yes,no,no,negative
no,no,no,yes,yes,no,yes,yes,yes,yes,yes,no,yes,no,yes,yes,yes,yes,yes,yes,yes,no,no,no,no,no,no,no,no,no,no,no,no,no,no,yes,no,no,yes,no,no,no,no,no,no,no,no,no,no,no,no,negative
yes,no,yes,yes,yes,no,no,no,no,yes,no,no,yes,yes,yes,no,no,no,no,no,yes,yes,yes,no,yes,no,no,no,yes,no,no,no,no,no,no,no,yes,no,no,no,no,no,no,no,no,no,no,no,no,yes,yes,negative
no,no,yes,no,yes,yes,no,no,no,no,yes,yes,no,no,no,yes,yes,yes,yes,yes,no,no,yes,yes,no,no,yes,no,no,no,no,yes,yes,yes,no,yes,no,no,no,no,no,no,no,no,no,no,no,yes,yes,no,no,negative
yes,no,yes,yes,yes,yes,no,no,no,yes,yes,yes,no,yes,no,yes,yes,yes,no,no,no,no,yes,no,no,no,no,no,no,no,no,no,yes,no,no,no,no,no,no,no,no,yes,no,no,no,no,yes,no,no,no,no,negative
yes,yes,yes,yes,yes,no,yes,no,no,yes,yes,no,no,no,yes,yes,no,yes,yes,no,yes,no,no,no,no,no,no,no,no,no,no,no,no,no,no,no,yes,no,no,no,no,no,no,no,no,yes,no,no,no,no,no,negative
no,yes,no,yes,no,yes,no,yes,yes,no,yes,no,yes,yes,no,no,yes,no,yes,yes,yes,no,yes,yes,no,no,no,no,no,no,no,no,yes,no,no,no,no,no,no,no,no,no,no,no,no,no,yes,yes,yes,no,no,negative
yes,yes,no,no,yes,no,no,no,no,yes,no,no,no,no,yes,no,no,no,yes,no,no,yes,no,yes,yes,no,no,no,no,no,no,no,no,no,no,no,yes,no,no,yes,no,yes,yes,yes,no,yes,no,no,no,no,no,negative
no,yes,no,no,no,no,no,no,no,no,no,no,yes,yes,no,no,no,no,no,no,no,yes,yes,yes,no,yes,no,no,no,no,no,yes,no,no,no,yes,no,yes,no,yes,no,yes,no,no,no,no,no,no,yes,no,yes,negative
yes,yes,yes,yes,yes,no,no,yes,yes,yes,yes,yes,no,yes,yes,yes,no,yes,no,yes,yes,no,no,no,no,no,no,no,no,no,no,no,no,no,no,no,no,no,no,no,no,no,no,no,yes,no,yes,no,no,no,no,negative
no,yes,yes,no,no,no,no,no,yes,yes,yes,no,no,no,no,no,yes,no,no,yes,no,no,yes,yes,yes,no,no,no,no,no,no,no,no,no,no,no,no,no,no,no,no,no,no,no,no,no,yes,no,no,no,no,negative
yes,yes,yes,yes,no,yes,no,yes,yes,no,yes,yes,no,yes,no,yes,yes,yes,yes,yes,no,yes,no,no,no,no,no,no,no,no,no,no,no,no,yes,no,no,no,no,no,yes,no,yes,no,no,no,yes,no,no,no,no,negative
no,no,yes,no,yes,yes,yes,no,no,yes,yes,no,no,yes,no,yes,yes,no,no,no,no,yes,yes,yes,no,no,no,no,no,no,no,no,no,no,no,no,no,no,yes,no,no,yes,no,no,no,no,no,no,no,no,yes,negative
yes,yes,yes,yes,yes,no,yes,no,yes,yes,yes,no,no,yes,yes,yes,no,yes,no,no,yes,yes,no,no,no,no,no,yes,no,no,yes,no,no,no,no,no,no,no,no,no,no,no,no,no,no,no,no,no,no,no,yes,negative
no,yes,yes,yes,yes,yes,no,yes,no,yes,no,no,no,yes,yes,yes,yes,no,yes,no,no,yes,yes,no,no,no,no,yes,yes,no,no,yes,no,no,no,no,no,no,no,no,no,yes,no,no,no,no,no,no,no,no,no,negative
no,no,yes,yes,yes,yes,yes,no,no,yes,yes,yes,no,no,no,no,yes,yes,no,yes,no,no,no,no,yes,no,no,no,no,no,no,no,no,no,no,no,no,no,yes,no,no,no,no,no,no,no,no,no,no,no,no,negative
no,no,no,no,no,no,no,no,no,yes,no,yes,no,no,no,no,yes,no,yes,yes,no,no,no,no,yes,yes,no,yes,no,no,no,no,no,no,no,no,no,no,no,no,no,yes,no,no,no,no,no,no,no,no,no,negative
no,yes,no,no,no,no,no,no,no,yes,no,yes,yes,no,yes,no,no,no,yes,no,no,no,no,no,no,no,no,no,yes,no,no,no,no,yes,no,yes,no,no,no,no,yes,no,no,no,no,no,no,no,no,yes,no,negative
yes,no,no,no,no,yes,yes,yes,no,yes,no,no,yes,yes,no,no,no,yes,yes,yes,yes,no,no,yes,no,yes,yes,no,no,no,no,no,no,no,no,no,no,no,no,no,no,no,no,no,no,no,yes,no,no,yes,no,negative
yes,no,no,no,no,no,no,yes,yes,yes,yes,yes,yes,yes,yes,no,yes,no,yes,no,yes,no,yes,yes,no,no,yes,no,no,no,no,no,yes,yes,no,no,no,no,no,yes,no,no,no,no,no,no,yes,no,no,no,no,negative
no,no,no,no,no,no,no,yes,no,no,no,no,no,no,no,no,yes,no,no,no,no,no,no,yes,yes,no,no,no,no,no,no,no,no,no,no,no,no,yes,no,yes,no,no,no,no,no,no,yes,no,no,no,no,negative
no,no,no,no,yes,no,no,yes,no,no,no,no,no,no,no,yes,no,no,yes,no,yes,no,no,yes,yes,no,yes,yes,no,yes,no,no,yes,yes,no,no,no,no,no,yes,no,no,yes,no,yes,yes,no,no,no,no,no,negative
yes,yes,no,no,no,no,yes,yes,no,yes,no,no,yes,yes,no,yes,yes,yes,no,no,yes,yes,no,no,no,no,yes,no,no,no,yes,no,no,yes,no,yes,no,no,no,no,no,no,no,no,no,no,no,no,no,no,no,negative
no,no,no,no,no,yes,yes,no,yes,no,no,no,no,no,no,yes,yes,yes,no,no,no,no,yes,yes,no,no,yes,no,no,no,yes,yes,yes,no,no,no,no,no,yes,no,no,no,no,yes,no,no,yes,yes,yes,no,yes,negative
no,no,yes,yes,no,yes,yes,no,yes,yes,no,no,yes,no,no,no,no,yes,no,no,no,yes,no,yes,no,no,no,no,no,no,no,yes,no,yes,no,no,no,no,no,no,no,no,no,no,no,no,no,no,no,no,no,negative
no,yes,no,yes,no,yes,no,yes,yes,yes,yes,no,no,no,no,no,no,no,no,no,yes,no,no,no,no,no,no,no,no,no,no,no,no,no,no,no,no,no,no,no,no,no,no,no,no,no,no,no,no,no,no,negative
yes,no,yes,no,yes,no,no,no,no,no,no,no,no,yes,yes,yes,no,yes,no,yes,no,no,yes,yes,no,no,no,no,no,no,no,no,no,no,no,no,no,no,no,no,no,no,no,no,no,no,no,no,no,yes,yes,negative
yes,no,no,no,no,no,no,yes,no,no,no,yes,no,no,no,no,no,yes,yes,yes,no,no,yes,no,no,no,no,no,no,no,no,no,no,yes,no,yes,no,no,no,no,no,no,no,no,no,no,no,no,yes,no,no,negative
yes,no,yes,no,no,no,yes,no,no,yes,no,no,no,no,no,no,yes,no,no,no,no,yes,yes,no,no,no,no,no,no,no,no,no,no,no,no,no,no,no,no,no,yes,no,yes,no,no,yes,no,no,no,no,no,negative
yes,no,yes,yes,no,no,no,no,no,yes,no,no,no,yes,yes,no,yes,no,no,no,no,yes,no,no,no,no,no,no,no,yes,no,no,no,yes,no,no,yes,no,yes,no,no,yes,no,no,no,no,yes,no,no,no,no,negative
yes,no,no,no,yes,no,yes,no,no,yes,yes,no,no,no,no,yes,no,no,yes,yes,yes,no,no,yes,no,yes,no,no,no,no,no,no,no,no,no,no,no,no,no,no,no,no,no,no,no,no,no,no,no,no,no,negative
no,no,no,yes,no,no,no,no,yes,no,yes,no,no,yes,yes,yes,yes,yes,yes,no,no,yes,yes,no,no,no,no,yes,yes,no,yes,yes,no,yes,no,no,no,no,no,yes,no,no,no,no,no,yes,no,no,no,no,no,negative
